Elevator Call,15.74901825,0,-6,0,0,0,16,32.0
Elevator Call,29.79572499,-4,80,0,1,0,42,94.0
Elevator Call,30.19242759,-7,88,0,0,0,44,149.0
Elevator Call,30.71595022,-5,74,0,1,0,147,196.5
Elevator Call,36.31662175,31,97,0,0,0,217,293.0
Elevator Call,46.33106901,-6,70,0,1,0,247,295.0
Elevator Call,52.22992457,-4,34,0,1,0,343,372.0
Elevator Call,61.0483784,-9,52,0,1,0,404,444.5
Elevator Call,62.31340803,-9,92,0,0,0,410,521.0
Elevator Call,62.42923444,-4,47,0,1,0,483,518.5
Elevator Call,62.88805494,4,74,0,1,0,551,596.0
Elevator Call,66.30025924,0,-1,0,0,0,624,635.0
Elevator Call,67.07281282,-4,85,0,1,0,646,700.5
Elevator Call,67.3968456,-4,80,0,0,0,649,743.0
Elevator Call,72.32053835,-1,44,0,1,0,754,786.5
Elevator Call,75.45009626,-9,-3,0,1,0,824,837.0
Elevator Call,79.53860269,0,-1,0,0,0,834,845.0
Elevator Call,82.00106471,-5,94,0,1,0,849,908.5
Elevator Call,85.05084296,-4,71,0,0,0,859,944.0
Elevator Call,85.05145915,-8,66,0,1,0,970,1017.0
Elevator Call,86.40921591,-5,-1,0,0,0,1031,1045.0
Elevator Call,90.27392218,27,95,0,1,0,1047,1091.0
Elevator Call,97.56134129,-1,93,0,0,0,1056,1160.0
Elevator Call,99.09729234,-2,47,0,1,0,1150,1184.5
Elevator Call,100.0952865,-5,85,0,1,0,1221,1276.0
Elevator Call,104.8284693,-1,55,0,0,0,1265,1331.0
Elevator Call,105.1781073,-7,96,0,1,0,1333,1394.5
Elevator Call,106.412017,-3,-1,0,0,0,1400,1412.0
Elevator Call,114.8141732,0,28,0,0,0,1424,1462.0
Elevator Call,115.2148578,-6,47,0,1,0,1456,1492.5
Elevator Call,132.2228279,12,-5,0,0,0,1489,1516.0
Elevator Call,146.3576834,-5,-9,0,0,0,1527,1541.0
Elevator Call,158.5784347,-4,-2,0,1,0,1529,1540.0
Elevator Call,159.7248447,-3,0,0,1,0,1551,1562.5
Elevator Call,161.1766006,-4,20,0,0,0,1557,1591.0
Elevator Call,165.7531344,0,32,0,1,0,1573,1599.0
Elevator Call,176.148875,-2,-1,0,0,0,1624,1635.0
Elevator Call,181.4509647,-1,30,0,1,0,1626,1651.5
Elevator Call,186.5178245,-4,51,0,0,0,1649,1714.0
Elevator Call,195.1514893,44,83,0,1,0,1669,1698.5
Elevator Call,198.2446789,0,9,0,1,0,1751,1765.5
Elevator Call,209.2342289,-3,-8,0,0,0,1779,1794.0
Elevator Call,213.8367404,-5,0,0,1,0,1783,1795.5
Elevator Call,215.1021415,-5,50,0,0,0,1808,1873.0
Elevator Call,215.5905145,-7,23,0,1,0,1810,1835.0
Elevator Call,221.9759827,0,-9,0,1,0,1857,1871.5
Elevator Call,222.5359103,-4,88,0,1,0,1885,1941.0
Elevator Call,224.3605101,-5,13,0,0,0,1939,1967.0
Elevator Call,227.0459038,-9,-7,0,0,0,2000,2012.0
Elevator Call,227.3869145,-6,-2,0,1,0,1999,2011.0
Elevator Call,228.5416057,16,-9,0,1,0,2031,2053.5
Elevator Call,245.9329165,-4,-1,0,0,0,2026,2039.0
Elevator Call,248.6346039,-2,40,0,0,0,2051,2103.0
Elevator Call,269.2010286,-2,76,0,1,0,2068,2117.0
Elevator Call,269.2290778,-2,58,0,0,0,2156,2226.0
Elevator Call,276.0160122,-1,100,0,1,0,2166,2226.5
Elevator Call,281.4335441,-8,6,0,1,0,2291,2308.0
Elevator Call,282.3742557,71,67,0,0,0,2250,2264.0
Elevator Call,285.9869302,-7,-9,0,1,0,2325,2336.0
Elevator Call,288.8516461,15,99,0,0,0,2327,2421.0
Elevator Call,304.5863408,0,14,0,1,0,2351,2368.0
Elevator Call,307.8754798,34,28,0,1,0,2389,2402.0
Elevator Call,310.6171697,7,80,0,1,0,2423,2469.5
Elevator Call,312.0106402,75,-1,0,0,0,2456,2542.0
Elevator Call,315.102028,-5,-6,0,1,0,2523,2533.5
Elevator Call,321.669633,0,48,0,1,0,2547,2581.0
Elevator Call,326.2162005,-9,-8,0,0,0,2561,2572.0
Elevator Call,326.8946221,-3,0,0,0,0,2588,2601.0
Elevator Call,328.3566989,-5,-6,0,0,0,2617,2628.0
Elevator Call,328.4651172,-8,24,0,1,0,2620,2646.0
Elevator Call,339.8670986,-9,10,0,0,0,2642,2671.0
Elevator Call,356.7750172,-9,69,0,1,0,2673,2722.0
Elevator Call,369.8859276,0,-1,0,0,0,2692,2703.0
Elevator Call,373.9444435,-4,34,0,0,0,2717,2765.0
Elevator Call,374.7234962,-3,64,0,1,0,2769,2812.5
Elevator Call,374.8932447,-1,100,0,0,0,2811,2922.0
Elevator Call,379.3623974,-8,56,0,1,0,2859,2901.0
Elevator Call,385.0290807,35,-9,0,1,0,2922,2954.0
Elevator Call,390.0533346,-6,46,0,1,0,2966,3002.0
Elevator Call,393.1687047,-5,-4,0,0,0,3038,3049.0
Elevator Call,407.1815824,-8,-5,0,1,0,3040,3051.5
Elevator Call,407.2751756,-8,82,0,0,0,3064,3164.0
Elevator Call,411.8124635,65,-2,0,1,0,3097,3140.5
Elevator Call,423.0325014,39,-5,0,1,0,3172,3204.0
Elevator Call,428.5097648,-2,26,0,1,0,3216,3240.0
Elevator Call,433.5968708,5,-7,0,0,0,3252,3274.0
Elevator Call,435.1813075,-4,47,0,1,0,3266,3301.5
Elevator Call,438.541313,87,-7,0,1,0,3332,3389.0
Elevator Call,438.9916382,-5,14,0,0,0,3287,3316.0
Elevator Call,440.0203373,-7,-3,0,0,0,3348,3362.0
Elevator Call,447.9320555,-3,25,0,0,0,3373,3411.0
Elevator Call,451.3692847,-7,97,0,1,0,3400,3462.0
Elevator Call,452.0363389,-7,2,0,0,0,3454,3473.0
Elevator Call,459.1711197,-1,63,0,0,0,3487,3561.0
Elevator Call,460.2998592,-2,29,0,1,0,3522,3547.5
Elevator Call,466.2828259,-7,69,0,1,0,3576,3624.0
Elevator Call,468.0898444,19,70,0,0,0,3616,3677.0
Elevator Call,468.8096806,-9,54,0,1,0,3674,3715.5
Elevator Call,469.3109264,-5,0,0,1,0,3756,3768.5
Elevator Call,473.762523,8,96,0,0,0,3750,3848.0
Elevator Call,475.6592721,-7,81,0,1,0,3783,3837.0
Elevator Call,475.7563485,-3,4,0,1,0,3890,3903.5
Elevator Call,481.2815349,-9,60,0,1,0,3921,3965.5
Elevator Call,488.8383599,-1,78,0,0,0,3956,4045.0
Elevator Call,494.2289555,-9,69,0,1,0,4011,4060.0
Elevator Call,494.9607965,-2,54,0,1,0,4106,4144.0
Elevator Call,496.6254988,-4,74,0,0,0,4138,4226.0
Elevator Call,499.055861,-1,51,0,1,0,4182,4218.0
Elevator Call,499.0584255,100,-7,0,1,0,4253,4316.5
Elevator Call,505.1661384,71,-1,0,0,0,4240,4322.0
Elevator Call,505.6566423,-2,-9,0,1,0,4330,4343.5
Elevator Call,518.0671397,85,-6,0,1,0,4401,4456.5
Elevator Call,518.0880902,80,99,0,0,0,4414,4443.0
Elevator Call,520.0558146,-9,22,0,1,0,4469,4494.5
Elevator Call,529.1038889,-8,76,0,1,0,4520,4572.0
Elevator Call,540.3602365,-9,59,0,0,0,4562,4640.0
Elevator Call,546.6587096,9,-6,0,1,0,4616,4633.5
Elevator Call,548.4197675,42,-3,0,0,0,4668,4723.0
Elevator Call,550.5479493,-6,94,0,1,0,4644,4704.0
Elevator Call,552.3403654,0,61,0,0,0,4737,4808.0
Elevator Call,559.0984936,-1,58,0,1,0,4762,4801.5
Elevator Call,559.7947453,0,-5,0,1,0,4841,4853.5
Elevator Call,565.1545071,-1,45,0,1,0,4866,4899.0
Elevator Call,568.1655801,-6,35,0,0,0,4886,4937.0
Elevator Call,580.1703275,-3,11,0,1,0,4934,4951.0
Elevator Call,582.4516391,-9,20,0,1,0,4972,4996.5
Elevator Call,589.0230373,-6,0,0,0,0,4989,5005.0
Elevator Call,595.4907759,-6,6,0,1,0,5020,5036.0
Elevator Call,597.5318029,-8,85,0,0,0,5024,5127.0
Elevator Call,607.5990041,-4,24,0,1,0,5052,5076.0
Elevator Call,610.140951,50,-4,0,1,0,5100,5137.0
Elevator Call,611.2245002,-9,10,0,1,0,5150,5169.5
Elevator Call,612.0358635,0,46,0,1,0,5185,5218.0
Elevator Call,613.9293841,-6,78,0,0,0,5229,5323.0
Elevator Call,616.3622393,-7,13,0,1,0,5255,5275.0
Elevator Call,623.1899953,-5,7,0,1,0,5295,5311.0
Elevator Call,624.2051767,-6,40,0,1,0,5328,5361.0
Elevator Call,624.9698485,-8,15,0,1,0,5396,5417.5
Elevator Call,629.4378655,-3,-8,0,0,0,5415,5430.0
Elevator Call,631.0705525,-7,85,0,1,0,5439,5495.0
Elevator Call,633.8314297,-9,69,0,0,0,5442,5530.0
Elevator Call,636.2539273,-2,3,0,1,0,5549,5561.5
Elevator Call,639.7422437,-1,5,0,1,0,5574,5587.0
Elevator Call,651.3868818,-9,-4,0,1,0,5605,5617.5
Elevator Call,652.5679784,-9,34,0,0,0,5619,5672.0
Elevator Call,653.5233419,-8,50,0,1,0,5630,5669.0
Elevator Call,653.5767423,-2,25,0,1,0,5706,5729.5
Elevator Call,656.5075634,27,-6,0,0,0,5690,5733.0
Elevator Call,660.0054453,-1,65,0,0,0,5749,5825.0
Elevator Call,670.9890162,0,34,0,1,0,5753,5780.0
Elevator Call,673.6204302,-6,-8,0,1,0,5811,5822.0
Elevator Call,673.8229934,-1,-5,0,1,0,5836,5848.0
Elevator Call,675.8277545,-5,-7,0,1,0,5859,5870.0
Elevator Call,690.3435072,-9,90,0,1,0,5882,5941.5
Elevator Call,691.7480969,85,-8,0,0,0,5856,5959.0
Elevator Call,699.6717222,0,-2,0,0,0,5978,5990.0
Elevator Call,704.5146679,-3,-5,0,1,0,5999,6010.0
Elevator Call,705.2713074,-2,73,0,0,0,6001,6086.0
Elevator Call,706.2201196,-3,-1,0,1,0,6022,6033.0
Elevator Call,708.0658532,-6,99,0,1,0,6046,6108.5
Elevator Call,711.1293089,-9,79,0,1,0,6173,6227.0
Elevator Call,713.137673,-9,7,0,0,0,6179,6205.0
Elevator Call,715.8477994,17,-5,0,0,0,6226,6258.0
Elevator Call,717.5512012,-9,-8,0,0,0,6273,6284.0
Elevator Call,741.5622718,-7,-2,0,1,0,6281,6293.5
Elevator Call,745.5777356,-3,43,0,0,0,6300,6356.0
Elevator Call,748.0824475,-8,44,0,1,0,6307,6343.0
Elevator Call,748.1507335,0,8,0,1,0,6376,6390.0
Elevator Call,753.4612293,11,-8,0,0,0,6399,6428.0
Elevator Call,754.628425,-7,31,0,1,0,6408,6437.0
Elevator Call,767.48684,-8,78,0,0,0,6439,6535.0
Elevator Call,774.1687517,-3,-4,0,1,0,6465,6475.5
Elevator Call,775.2702685,-7,93,0,1,0,6488,6548.0
Elevator Call,777.9417683,0,15,0,1,0,6605,6622.5
Elevator Call,778.6706319,-7,75,0,0,0,6631,6723.0
Elevator Call,806.6390732,-7,38,0,1,0,6644,6676.5
Elevator Call,817.4873896,-7,81,0,1,0,6710,6764.0
Elevator Call,822.8097093,-9,82,0,0,0,6818,6919.0
Elevator Call,831.1386849,-2,14,0,1,0,6816,6834.0
Elevator Call,833.4568374,-9,-4,0,1,0,6856,6868.5
Elevator Call,836.0439963,-1,22,0,1,0,6881,6902.5
Elevator Call,838.6215705,78,-7,0,0,0,6934,7029.0
Elevator Call,839.8585211,-9,5,0,1,0,6929,6946.0
Elevator Call,845.2393911,-5,91,0,1,0,6962,7020.0
Elevator Call,853.3581855,-1,72,0,0,0,7046,7129.0
Elevator Call,858.0973433,-7,-3,0,1,0,7080,7092.0
Elevator Call,858.764016,-9,7,0,1,0,7106,7124.0
Elevator Call,866.5927868,27,10,0,1,0,7145,7163.5
Elevator Call,871.273979,-7,9,0,1,0,7183,7201.0
Elevator Call,872.5166551,-2,-3,0,0,0,7214,7225.0
Elevator Call,872.5448365,-1,16,0,1,0,7217,7235.5
Elevator Call,873.7235073,-2,0,0,0,0,7237,7249.0
Elevator Call,878.9296669,30,61,0,1,0,7253,7278.5
Elevator Call,883.1763136,-1,-9,0,0,0,7261,7279.0
Elevator Call,887.5384282,19,-8,0,1,0,7310,7333.5
Elevator Call,901.9306691,-5,85,0,0,0,7294,7394.0
Elevator Call,903.9760089,-8,-5,0,1,0,7344,7355.5
Elevator Call,904.4493607,-2,15,0,1,0,7368,7386.5
Elevator Call,904.747622,-6,37,0,1,0,7408,7439.5
Elevator Call,908.2916284,0,41,0,1,0,7469,7499.5
Elevator Call,910.0918551,-8,41,0,0,0,7498,7557.0
Elevator Call,916.9117749,11,65,0,1,0,7525,7562.0
Elevator Call,920.3691333,-5,3,0,1,0,7608,7622.0
Elevator Call,926.6693133,-8,-1,0,0,0,7617,7634.0
Elevator Call,928.0707967,-6,69,0,1,0,7637,7684.5
Elevator Call,940.0461336,-3,96,0,0,0,7647,7756.0
Elevator Call,943.9513718,-1,-8,0,1,0,7730,7743.5
Elevator Call,948.172869,32,0,0,1,0,7774,7800.0
Elevator Call,952.7566521,0,69,0,1,0,7811,7855.5
Elevator Call,953.7894217,-8,0,0,0,0,7871,7889.0
Elevator Call,956.59307,-3,100,0,1,0,7902,7963.5
Elevator Call,961.6163922,-7,-8,0,0,0,7907,7918.0
Elevator Call,966.5176235,0,-4,0,0,0,7937,7951.0
Elevator Call,966.9256591,-1,-9,0,0,0,7965,7983.0
Elevator Call,977.255218,-2,60,0,0,0,8001,8073.0
Elevator Call,979.9158768,0,49,0,1,0,8024,8058.5
Elevator Call,980.4155994,34,-3,0,1,0,8077,8105.5
Elevator Call,981.5140368,-9,6,0,1,0,8119,8136.5
Elevator Call,986.545666,-3,34,0,0,0,8147,8194.0
Elevator Call,991.1137281,8,-4,0,1,0,8148,8164.0
Elevator Call,996.3578079,-2,22,0,1,0,8176,8198.0
Elevator Call,1003.238875,-4,8,0,1,0,8222,8238.0
Elevator Call,1007.745827,77,9,0,0,0,8248,8326.0
Elevator Call,1010.689812,-2,97,0,1,0,8254,8313.5
Elevator Call,1010.939101,-2,35,0,0,0,8348,8395.0
Elevator Call,1013.812092,-9,97,0,1,0,8377,8440.0
Elevator Call,1014.821807,73,67,0,0,0,8444,8460.0
Elevator Call,1020.995566,0,-5,0,1,0,8499,8511.5
Elevator Call,1026.063237,-7,94,0,1,0,8523,8583.5
Elevator Call,1033.987303,0,13,0,0,0,8538,8561.0
Elevator Call,1034.242939,-3,50,0,0,0,8588,8651.0
Elevator Call,1037.538186,36,63,0,1,0,8623,8646.5
Elevator Call,1039.016639,64,-3,0,1,0,8658,8701.5
Elevator Call,1040.878547,17,-3,0,0,0,8695,8725.0
Elevator Call,1046.492954,-7,16,0,1,0,8714,8735.5
Elevator Call,1047.064067,0,15,0,0,0,8739,8764.0
Elevator Call,1052.153359,-4,-3,0,1,0,8756,8766.5
Elevator Call,1055.7654,64,-1,0,1,0,8811,8853.5
Elevator Call,1056.025974,79,-4,0,0,0,8839,8932.0
Elevator Call,1056.726378,-6,28,0,1,0,8867,8894.0
Elevator Call,1058.308123,-7,0,0,1,0,8922,8935.5
Elevator Call,1064.859608,0,20,0,1,0,8946,8966.0
Elevator Call,1068.133111,-5,7,0,0,0,8944,8966.0
Elevator Call,1071.52992,78,-9,0,1,0,9006,9059.5
Elevator Call,1072.693157,24,-5,0,0,0,8994,9033.0
Elevator Call,1076.528686,-8,-3,0,0,0,9047,9062.0
Elevator Call,1081.876341,1,-9,0,1,0,9075,9090.0
Elevator Call,1085.464007,-4,78,0,0,0,9074,9166.0
Elevator Call,1087.096912,-2,48,0,1,0,9104,9139.0
Elevator Call,1089.133003,12,39,0,1,0,9168,9191.5
Elevator Call,1096.194094,45,14,0,1,0,9205,9230.5
Elevator Call,1096.360806,89,-8,0,0,0,9188,9295.0
Elevator Call,1097.868282,-3,19,0,1,0,9250,9271.0
Elevator Call,1097.99438,21,0,0,1,0,9283,9303.5
Elevator Call,1099.56286,-1,95,0,0,0,9313,9419.0
Elevator Call,1103.513932,57,50,0,1,0,9343,9356.5
Elevator Call,1109.509258,42,-2,0,1,0,9371,9403.0
Elevator Call,1113.481938,-4,-5,0,1,0,9415,9425.5
Elevator Call,1114.338746,-5,33,0,1,0,9436,9465.0
Elevator Call,1120.783107,88,-7,0,0,0,9437,9542.0
Elevator Call,1124.28668,-4,-5,0,1,0,9494,9504.5
Elevator Call,1124.520436,-4,84,0,1,0,9516,9570.0
Elevator Call,1127.27714,-1,67,0,0,0,9559,9637.0
Elevator Call,1129.695184,88,78,0,1,0,9583,9598.0
Elevator Call,1130.779674,90,-5,0,1,0,9615,9672.5
Elevator Call,1131.93864,-1,39,0,1,0,9685,9715.0
Elevator Call,1133.497468,82,-3,0,0,0,9663,9758.0
Elevator Call,1136.979444,94,-9,0,1,0,9753,9814.5
Elevator Call,1137.716562,-4,-5,0,0,0,9770,9781.0
Elevator Call,1140.11166,63,94,0,0,0,9860,9901.0
Elevator Call,1140.607781,-1,37,0,1,0,9829,9858.0
Elevator Call,1147.586189,-1,42,0,1,0,9888,9919.5
Elevator Call,1150.267508,-1,35,0,1,0,9952,9980.0
Elevator Call,1151.658727,72,30,0,0,0,9934,9986.0
Elevator Call,1155.24787,57,-6,0,1,0,10002,10043.5
Elevator Call,1155.51387,-8,-2,0,0,0,10035,10051.0
Elevator Call,1156.933473,64,-5,0,1,0,10089,10133.5
Elevator Call,1160.066063,-9,20,0,0,0,10069,10108.0
Elevator Call,1161.659134,-6,89,0,0,0,10145,10250.0
Elevator Call,1164.728332,-9,26,0,1,0,10146,10173.5
Elevator Call,1169.481751,87,3,0,1,0,10215,10267.0
Elevator Call,1172.241692,-2,5,0,1,0,10280,10293.5
Elevator Call,1175.806406,-3,-7,0,1,0,10308,10320.0
Elevator Call,1177.299486,-2,93,0,1,0,10333,10390.5
Elevator Call,1177.79874,-9,-7,0,0,0,10359,10371.0
Elevator Call,1178.015835,-3,-2,0,0,0,10386,10397.0
Elevator Call,1181.303975,32,-4,0,1,0,10432,10460.0
Elevator Call,1189.747135,10,84,0,0,0,10420,10504.0
Elevator Call,1191.780756,-2,0,0,1,0,10472,10483.0
Elevator Call,1194.358987,95,-3,0,0,0,10526,10634.0
Elevator Call,1194.827927,-9,44,0,1,0,10498,10534.5
Elevator Call,1195.01973,86,-7,0,1,0,10566,10622.5
Elevator Call,1196.736235,0,97,0,1,0,10637,10695.5
Elevator Call,1199.092723,2,-5,0,0,0,10650,10667.0
Elevator Call,1212.94955,-7,-1,0,0,0,10680,10696.0
Elevator Call,1213.495278,96,0,0,1,0,10707,10765.0
Elevator Call,1230.84745,-8,-7,0,0,0,10714,10725.0
Elevator Call,1234.224956,0,-7,0,0,0,10743,10760.0
Elevator Call,1256.013692,-6,59,0,0,0,10772,10847.0
Elevator Call,1256.295645,53,81,0,1,0,10802,10826.0
Elevator Call,1257.515198,-7,61,0,1,0,10881,10925.0
Elevator Call,1257.867373,-7,64,0,0,0,10924,11005.0
Elevator Call,1258.161775,62,-9,0,1,0,10936,10981.5
Elevator Call,1258.621396,-9,71,0,1,0,10992,11042.0
Elevator Call,1260.416452,24,-4,0,0,0,11056,11094.0
Elevator Call,1261.007565,88,-3,0,1,0,11061,11116.5
Elevator Call,1267.841295,-6,-8,0,0,0,11107,11119.0
Elevator Call,1268.591385,-1,-5,0,1,0,11128,11140.0
Elevator Call,1269.109031,-5,-6,0,0,0,11133,11144.0
Elevator Call,1278.205593,-9,-8,0,1,0,11153,11163.5
Elevator Call,1278.552894,32,0,0,0,0,11193,11235.0
Elevator Call,1280.743464,0,63,0,1,0,11178,11219.5
Elevator Call,1283.268844,-8,-7,0,0,0,11254,11265.0
Elevator Call,1285.798386,-8,56,0,1,0,11266,11308.0
Elevator Call,1292.31291,-4,19,0,0,0,11279,11312.0
Elevator Call,1293.406551,-4,24,0,0,0,11346,11384.0
Elevator Call,1295.165134,-3,75,0,1,0,11348,11397.0
Elevator Call,1308.551782,-1,-6,0,0,0,11420,11435.0
Elevator Call,1309.106951,37,-5,0,1,0,11427,11458.0
Elevator Call,1309.827343,-6,37,0,0,0,11446,11499.0
Elevator Call,1311.596035,-4,-1,0,1,0,11469,11480.5
Elevator Call,1316.661812,64,-4,0,1,0,11524,11568.0
Elevator Call,1319.140062,83,53,0,0,0,11556,11596.0
Elevator Call,1321.835409,83,-8,0,1,0,11622,11677.5
Elevator Call,1330.157155,-7,85,0,0,0,11667,11769.0
Elevator Call,1331.206962,5,-6,0,1,0,11695,11710.5
Elevator Call,1333.039215,-7,-5,0,1,0,11722,11733.0
Elevator Call,1333.197635,-9,0,0,1,0,11746,11760.5
Elevator Call,1335.738947,-8,-5,0,1,0,11775,11786.5
Elevator Call,1343.469808,27,10,0,1,0,11813,11831.5
Elevator Call,1345.789651,28,-2,0,0,0,11837,11877.0
Elevator Call,1351.765731,62,0,0,1,0,11868,11909.0
Elevator Call,1355.586276,71,0,0,1,0,11955,12000.5
Elevator Call,1359.396047,-9,-5,0,0,0,11895,11909.0
Elevator Call,1359.681945,0,-5,0,0,0,11925,11940.0
Elevator Call,1361.809632,-8,100,0,0,0,11954,12072.0
Elevator Call,1364.671704,-1,26,0,1,0,12012,12035.5
Elevator Call,1367.602704,-1,67,0,1,0,12060,12104.0
Elevator Call,1373.088258,90,-8,0,0,0,12093,12201.0
Elevator Call,1376.396326,-6,0,0,1,0,12151,12164.0
Elevator Call,1376.748995,-9,75,0,1,0,12179,12231.0
Elevator Call,1377.882864,-6,-9,0,0,0,12214,12227.0
Elevator Call,1382.600467,93,-7,0,1,0,12251,12311.0
Elevator Call,1386.113489,67,85,0,0,0,12314,12342.0
Elevator Call,1387.551742,-1,-8,0,1,0,12325,12338.5
Elevator Call,1389.569914,-4,7,0,1,0,12351,12366.5
Elevator Call,1389.583236,-1,95,0,1,0,12381,12439.0
Elevator Call,1398.19019,-1,51,0,0,0,12439,12501.0
Elevator Call,1398.811631,-2,78,0,1,0,12498,12548.0
Elevator Call,1399.544504,-9,95,0,0,0,12572,12686.0
Elevator Call,1401.790923,-5,-4,0,1,0,12600,12610.5
Elevator Call,1409.093679,72,0,0,1,0,12659,12705.0
Elevator Call,1409.586576,-4,79,0,1,0,12718,12769.5
Elevator Call,1413.057875,-3,44,0,0,0,12795,12852.0
Elevator Call,1413.849106,-9,93,0,1,0,12824,12885.0
Elevator Call,1415.219861,21,-2,0,0,0,12886,12919.0
Elevator Call,1430.917412,0,5,0,0,0,12932,12947.0
Elevator Call,1434.529917,-3,29,0,1,0,12944,12970.0
Elevator Call,1436.216863,91,-5,0,1,0,13012,13070.0
Elevator Call,1438.195964,-2,-7,0,0,0,12965,12980.0
Elevator Call,1438.973391,-2,17,0,0,0,12996,13025.0
Elevator Call,1445.399725,68,97,0,0,0,13087,13126.0
Elevator Call,1448.363061,-3,-4,0,1,0,13082,13092.5
Elevator Call,1448.619285,17,-3,0,1,0,13114,13134.0
Elevator Call,1450.88339,53,92,0,1,0,13173,13202.5
Elevator Call,1453.071921,64,59,0,0,0,13170,13185.0
Elevator Call,1453.27967,-8,-9,0,0,0,13263,13274.0
Elevator Call,1453.946387,-2,-1,0,1,0,13260,13270.5
Elevator Call,1454.828501,-7,16,0,1,0,13284,13305.5
Elevator Call,1456.729156,39,-8,0,1,0,13328,13361.5
Elevator Call,1458.655611,-8,95,0,0,0,13286,13399.0
Elevator Call,1462.670036,-9,-1,0,1,0,13373,13387.0
Elevator Call,1463.921661,-6,3,0,1,0,13400,13414.5
Elevator Call,1467.027887,1,-5,0,1,0,13426,13439.0
Elevator Call,1467.776637,-9,34,0,1,0,13452,13483.5
Elevator Call,1469.404018,56,-8,0,0,0,13449,13523.0
Elevator Call,1470.034373,-5,-8,0,1,0,13514,13525.5
Elevator Call,1470.591554,26,-6,0,1,0,13553,13579.0
Elevator Call,1473.835706,73,0,0,0,0,13615,13698.0
Elevator Call,1480.112742,-2,-3,0,1,0,13592,13602.5
Elevator Call,1480.849966,-9,0,0,1,0,13616,13630.5
Elevator Call,1484.421985,-5,44,0,1,0,13644,13678.5
Elevator Call,1484.984337,34,-1,0,1,0,13694,13721.5
Elevator Call,1486.42706,6,61,0,0,0,13715,13780.0
Elevator Call,1491.550191,-8,-4,0,1,0,13736,13748.0
Elevator Call,1492.205073,-8,72,0,1,0,13761,13811.0
Elevator Call,1493.504001,37,-1,0,0,0,13815,13863.0
Elevator Call,1501.979223,-8,94,0,1,0,13862,13923.0
Elevator Call,1504.345129,-1,-3,0,0,0,13874,13886.0
Elevator Call,1506.640551,66,-1,0,1,0,13948,13991.5
Elevator Call,1511.122815,66,-9,0,0,0,13966,14051.0
Elevator Call,1512.08621,-7,-2,0,1,0,14005,14017.5
Elevator Call,1517.099756,74,-8,0,1,0,14066,14117.0
Elevator Call,1519.001187,17,-5,0,0,0,14088,14120.0
Elevator Call,1521.319655,-6,-1,0,1,0,14129,14141.5
Elevator Call,1521.978165,-3,-2,0,0,0,14133,14144.0
Elevator Call,1522.637926,-3,26,0,1,0,14153,14177.5
Elevator Call,1530.551375,-9,41,0,0,0,14162,14222.0
Elevator Call,1530.857545,-4,17,0,1,0,14203,14223.5
Elevator Call,1536.70169,63,-2,0,0,0,14255,14330.0
Elevator Call,1544.548897,-8,86,0,1,0,14247,14304.0
Elevator Call,1550.774857,-5,82,0,0,0,14344,14441.0
Elevator Call,1551.504604,-5,67,0,1,0,14360,14406.0
Elevator Call,1553.774226,-8,71,0,1,0,14454,14503.5
Elevator Call,1554.498489,47,0,0,0,0,14487,14544.0
Elevator Call,1557.889998,-5,39,0,1,0,14552,14584.0
Elevator Call,1559.921165,64,-3,0,1,0,14607,14650.5
Elevator Call,1560.228669,-7,48,0,0,0,14562,14627.0
Elevator Call,1562.863051,-6,19,0,1,0,14663,14685.5
Elevator Call,1569.124937,61,48,0,0,0,14651,14674.0
Elevator Call,1573.816017,24,0,0,1,0,14699,14721.0
Elevator Call,1575.812833,26,-1,0,0,0,14707,14744.0
Elevator Call,1578.228615,-7,11,0,1,0,14735,14754.0
Elevator Call,1586.878234,57,-9,0,1,0,14788,14831.0
Elevator Call,1586.893792,-6,20,0,0,0,14760,14796.0
Elevator Call,1588.788677,-5,-3,0,0,0,14832,14844.0
Elevator Call,1593.620333,-3,24,0,1,0,14845,14868.5
Elevator Call,1596.423753,2,-6,0,0,0,14860,14878.0
Elevator Call,1596.498826,-7,81,0,0,0,14890,14988.0
Elevator Call,1599.602336,52,-8,0,1,0,14893,14933.0
Elevator Call,1606.048199,-5,41,0,1,0,14945,14978.0
Elevator Call,1607.039781,-2,49,0,1,0,15010,15045.5
Elevator Call,1609.391394,35,76,0,0,0,15045,15096.0
Elevator Call,1609.689968,-6,-5,0,1,0,15084,15094.5
Elevator Call,1611.625232,-6,-2,0,1,0,15106,15118.0
Elevator Call,1624.835904,-4,45,0,1,0,15130,15164.5
Elevator Call,1625.968105,-4,82,0,0,0,15187,15283.0
Elevator Call,1626.179079,-7,-1,0,1,0,15201,15214.0
Elevator Call,1629.960199,47,92,0,1,0,15249,15281.5
Elevator Call,1630.151637,-8,-7,0,1,0,15342,15352.5
Elevator Call,1630.159943,-8,-2,0,1,0,15364,15377.0
Elevator Call,1633.862854,-3,73,0,0,0,15379,15465.0
Elevator Call,1637.432232,-8,76,0,1,0,15391,15443.0
Elevator Call,1647.637203,79,-3,0,1,0,15455,15506.0
Elevator Call,1647.672741,77,-6,0,0,0,15480,15573.0
Elevator Call,1662.551651,-4,53,0,1,0,15517,15555.5
Elevator Call,1663.280678,33,0,0,1,0,15576,15602.5
Elevator Call,1664.54767,5,10,0,0,0,15595,15610.0
Elevator Call,1665.195253,89,3,0,1,0,15658,15711.0
Elevator Call,1665.919196,0,39,0,0,0,15631,15680.0
Elevator Call,1682.328497,-2,88,0,1,0,15724,15779.0
Elevator Call,1690.222153,25,-4,0,0,0,15705,15744.0
Elevator Call,1692.615297,89,0,0,1,0,15790,15844.5
Elevator Call,1696.258909,-3,0,0,0,0,15756,15769.0
Elevator Call,1696.291863,91,-6,0,0,0,15871,15978.0
Elevator Call,1698.762804,-4,46,0,1,0,15857,15892.0
Elevator Call,1701.420176,-6,-1,0,1,0,15929,15941.5
Elevator Call,1701.880371,37,-7,0,1,0,15971,16003.0
Elevator Call,1706.514239,-4,-2,0,0,0,15991,16003.0
Elevator Call,1708.699148,97,-9,0,1,0,16066,16129.0
Elevator Call,1717.932502,90,10,0,0,0,16106,16196.0
Elevator Call,1719.728282,-6,51,0,1,0,16141,16179.5
Elevator Call,1719.963571,0,51,0,1,0,16216,16251.5
Elevator Call,1725.939395,74,-8,0,0,0,16271,16363.0
Elevator Call,1726.115008,51,0,0,1,0,16262,16297.5
Elevator Call,1730.233267,12,55,0,1,0,16314,16345.5
Elevator Call,1732.957366,-8,37,0,0,0,16374,16429.0
Elevator Call,1750.164103,-2,86,0,1,0,16385,16439.0
Elevator Call,1751.667822,29,-9,0,0,0,16448,16496.0
Elevator Call,1764.807856,-3,60,0,1,0,16494,16535.5
Elevator Call,1769.838963,-9,-5,0,0,0,16507,16521.0
Elevator Call,1777.4224,30,-2,0,1,0,16561,16587.0
Elevator Call,1779.570449,78,-9,0,0,0,16615,16712.0
Elevator Call,1783.460186,0,28,0,1,0,16599,16623.0
Elevator Call,1793.138663,-6,52,0,1,0,16651,16690.0
Elevator Call,1795.384037,-1,92,0,1,0,16727,16783.5
Elevator Call,1798.806261,99,-1,0,1,0,16798,16858.0
Elevator Call,1800.921284,-6,70,0,0,0,16726,16812.0
Elevator Call,1801.336336,77,-8,0,0,0,16830,16925.0
Elevator Call,1805.696142,-5,-1,0,1,0,16871,16883.0
Elevator Call,1805.967769,-9,-3,0,1,0,16898,16911.0
Elevator Call,1809.080126,79,61,0,1,0,16963,16982.0
Elevator Call,1810.498727,65,-3,0,1,0,16995,17039.0
Elevator Call,1811.298522,15,-5,0,0,0,16959,16989.0
Elevator Call,1811.839207,-1,68,0,0,0,17004,17083.0
Elevator Call,1812.150597,-8,18,0,1,0,17052,17075.0
Elevator Call,1815.954459,-2,-3,0,1,0,17096,17106.5
Elevator Call,1824.514226,-6,25,0,1,0,17119,17144.5
Elevator Call,1825.222851,-8,-5,0,0,0,17170,17183.0
Elevator Call,1834.510852,-6,34,0,1,0,17171,17201.0
Elevator Call,1835.054264,91,19,0,1,0,17240,17286.0
Elevator Call,1838.000617,-2,54,0,0,0,17197,17263.0
Elevator Call,1840.61844,-5,70,0,1,0,17309,17356.5
Elevator Call,1846.215271,15,-3,0,0,0,17313,17341.0
Elevator Call,1846.786855,84,-3,0,1,0,17374,17427.5
Elevator Call,1847.224079,-3,56,0,0,0,17352,17421.0
Elevator Call,1847.474067,7,-7,0,1,0,17443,17460.0
Elevator Call,1848.060299,-7,20,0,1,0,17471,17494.5
Elevator Call,1848.996154,-6,8,0,0,0,17494,17518.0
Elevator Call,1852.75234,76,0,0,1,0,17533,17581.0
Elevator Call,1859.34932,-8,44,0,0,0,17545,17607.0
Elevator Call,1873.35974,-7,-6,0,1,0,17595,17605.5
Elevator Call,1884.604706,0,-3,0,1,0,17619,17630.5
Elevator Call,1885.681637,-4,12,0,1,0,17642,17660.0
Elevator Call,1885.948804,-2,-4,0,0,0,17664,17676.0
Elevator Call,1887.055764,-7,-2,0,1,0,17680,17692.5
Elevator Call,1889.426057,6,62,0,0,0,17697,17763.0
Elevator Call,1898.863461,-3,71,0,1,0,17704,17751.0
Elevator Call,1900.997626,-5,34,0,1,0,17800,17829.5
Elevator Call,1901.607018,47,88,0,0,0,17789,17840.0
Elevator Call,1906.152342,0,68,0,1,0,17857,17901.0
Elevator Call,1906.65989,40,-6,0,0,0,17899,17955.0
Elevator Call,1909.655791,0,-8,0,1,0,17946,17960.0
Elevator Call,1912.231489,-9,-10,0,0,0,17969,17980.0
Elevator Call,1914.84213,10,-3,0,1,0,17980,17996.5
Elevator Call,1915.229189,-7,67,0,0,0,17994,18078.0
Elevator Call,1917.690494,-7,69,0,1,0,18009,18057.0
Elevator Call,1917.749918,-9,59,0,1,0,18107,18151.0
Elevator Call,1919.307443,-1,-2,0,0,0,18157,18168.0
Elevator Call,1919.671697,-5,-8,0,0,0,18182,18195.0
Elevator Call,1920.309671,0,39,0,1,0,18191,18220.5
Elevator Call,1921.772661,-9,-3,0,0,0,18207,18223.0
Elevator Call,1922.78832,53,-3,0,1,0,18238,18276.0
Elevator Call,1932.56295,29,-3,0,0,0,18266,18308.0
Elevator Call,1932.657382,85,-2,0,1,0,18331,18384.5
Elevator Call,1933.033702,24,-6,0,0,0,18346,18386.0
Elevator Call,1936.032078,-7,43,0,0,0,18398,18458.0
Elevator Call,1937.925728,31,-1,0,1,0,18412,18438.0
Elevator Call,1938.076272,78,-4,0,1,0,18488,18539.0
Elevator Call,1948.555682,0,-8,0,0,0,18512,18530.0
Elevator Call,1956.602357,0,66,0,0,0,18549,18625.0
Elevator Call,1961.024055,-5,-8,0,1,0,18550,18561.5
Elevator Call,1961.236941,66,-8,0,1,0,18609,18656.0
Elevator Call,1963.244778,-3,4,0,1,0,18669,18682.5
Elevator Call,1971.487331,-2,56,0,1,0,18696,18735.0
Elevator Call,1972.260018,47,-1,0,0,0,18655,18713.0
Elevator Call,1976.733314,-3,0,0,0,0,18726,18739.0
Elevator Call,1981.785671,5,-1,0,0,0,18755,18771.0
Elevator Call,1987.012716,-7,15,0,1,0,18777,18798.0
Elevator Call,1987.947843,0,45,0,0,0,18783,18838.0
Elevator Call,1988.311757,-6,12,0,1,0,18819,18838.0
Elevator Call,1993.244033,-3,49,0,1,0,18856,18892.0
Elevator Call,1994.157909,-4,78,0,0,0,18898,18990.0
Elevator Call,1994.721452,98,-3,0,1,0,18927,18987.5
Elevator Call,2000.883009,14,-6,0,1,0,19007,19027.0
Elevator Call,2002.433749,-6,73,0,1,0,19038,19087.5
Elevator Call,2006.0789,50,-4,0,0,0,19029,19093.0
Elevator Call,2006.096932,-3,14,0,0,0,19105,19132.0
Elevator Call,2008.461786,44,-8,0,1,0,19113,19149.0
Elevator Call,2012.126357,-2,89,0,0,0,19159,19260.0
Elevator Call,2019.543422,-3,-4,0,1,0,19162,19172.5
Elevator Call,2020.392521,-9,0,0,1,0,19186,19200.5
Elevator Call,2030.306197,3,97,0,1,0,19213,19270.0
Elevator Call,2033.682978,-4,-1,0,1,0,19331,19342.5
Elevator Call,2034.070388,-1,-2,0,1,0,19353,19363.5
Elevator Call,2037.540352,63,-9,0,0,0,19297,19379.0
Elevator Call,2040.540391,77,-2,0,1,0,19414,19463.5
Elevator Call,2042.893689,53,-1,0,0,0,19452,19516.0
Elevator Call,2049.494678,100,-9,0,1,0,19525,19589.5
Elevator Call,2049.894336,90,-9,0,0,0,19618,19727.0
Elevator Call,2052.138163,0,44,0,1,0,19605,19637.0
Elevator Call,2055.204858,-4,28,0,1,0,19672,19698.0
Elevator Call,2074.160226,-7,87,0,1,0,19726,19783.0
Elevator Call,2074.827972,-2,-8,0,0,0,19745,19761.0
Elevator Call,2078.503828,76,-3,0,1,0,19799,19848.5
Elevator Call,2082.082,44,-3,0,0,0,19824,19881.0
Elevator Call,2082.726693,-1,0,0,1,0,19860,19870.5
Elevator Call,2083.846257,-8,12,0,1,0,19885,19905.0
Elevator Call,2087.101967,-2,100,0,0,0,19893,20005.0
Elevator Call,2091.649263,-6,11,0,1,0,19925,19943.5
Elevator Call,2094.104679,-9,-5,0,1,0,19964,19976.0
Elevator Call,2094.186297,-1,71,0,1,0,19989,20035.0
Elevator Call,2094.733112,-2,39,0,1,0,20082,20112.5
Elevator Call,2106.798348,31,-9,0,0,0,20085,20135.0
Elevator Call,2107.243942,-8,51,0,0,0,20147,20216.0
Elevator Call,2109.847077,30,-5,0,1,0,20128,20155.5
Elevator Call,2110.283069,-7,-4,0,1,0,20167,20178.5
Elevator Call,2119.204458,-1,0,0,1,0,20191,20201.5
Elevator Call,2120.032357,-1,-3,0,1,0,20213,20224.0
Elevator Call,2120.26982,49,-8,0,0,0,20229,20296.0
Elevator Call,2121.378315,61,-3,0,1,0,20267,20309.0
Elevator Call,2123.491167,-1,-3,0,0,0,20314,20326.0
Elevator Call,2129.261184,51,-3,0,1,0,20347,20384.0
Elevator Call,2130.948478,-8,4,0,0,0,20342,20364.0
Elevator Call,2132.590041,20,-1,0,0,0,20391,20422.0
Elevator Call,2136.177877,33,-2,0,1,0,20413,20440.5
Elevator Call,2146.043528,20,-3,0,0,0,20454,20487.0
Elevator Call,2146.546708,0,2,0,1,0,20452,20463.0
Elevator Call,2163.352637,49,0,0,1,0,20497,20531.5
Elevator Call,2164.731467,-7,64,0,0,0,20502,20583.0
Elevator Call,2168.725269,-1,30,0,1,0,20543,20568.5
Elevator Call,2170.413091,20,0,0,1,0,20584,20604.0
Elevator Call,2171.485302,31,-1,0,0,0,20627,20669.0
Elevator Call,2173.769133,-2,-3,0,1,0,20616,20626.5
Elevator Call,2174.163238,88,-1,0,1,0,20683,20737.5
Elevator Call,2178.145118,0,11,0,0,0,20681,20702.0
Elevator Call,2180.577623,-9,-1,0,0,0,20733,20751.0
Elevator Call,2180.777738,-3,3,0,1,0,20749,20762.0
Elevator Call,2185.396391,61,-5,0,1,0,20802,20845.0
Elevator Call,2186.257513,-7,94,0,0,0,20768,20879.0
Elevator Call,2187.578462,96,-2,0,0,0,20892,21000.0
Elevator Call,2187.657378,10,-3,0,1,0,20863,20879.5
Elevator Call,2189.677538,-2,-3,0,1,0,20891,20901.5
Elevator Call,2191.616205,79,24,0,1,0,20953,20990.5
Elevator Call,2194.883445,0,-5,0,0,0,21013,21028.0
Elevator Call,2196.977947,-7,21,0,1,0,21017,21041.0
Elevator Call,2199.844327,47,0,0,1,0,21065,21098.5
Elevator Call,2213.053772,42,0,0,0,0,21086,21138.0
Elevator Call,2219.46503,-4,-6,0,1,0,21111,21122.0
Elevator Call,2221.53668,-3,73,0,1,0,21134,21182.0
Elevator Call,2224.666202,-4,14,0,0,0,21153,21181.0
Elevator Call,2227.151401,92,-2,0,1,0,21202,21259.0
Elevator Call,2230.377631,77,9,0,0,0,21255,21333.0
Elevator Call,2230.495302,79,-7,0,1,0,21310,21363.0
Elevator Call,2230.723511,39,-2,0,0,0,21374,21425.0
Elevator Call,2231.83615,-6,84,0,1,0,21374,21429.0
Elevator Call,2232.321498,36,-8,0,1,0,21464,21496.0
Elevator Call,2234.227094,-6,52,0,0,0,21440,21508.0
Elevator Call,2236.042604,-2,-8,0,1,0,21510,21523.0
Elevator Call,2241.17072,12,-8,0,1,0,21544,21564.0
Elevator Call,2243.226289,18,-1,0,0,0,21553,21582.0
Elevator Call,2251.46136,93,-9,0,1,0,21625,21686.0
Elevator Call,2254.361822,-1,42,0,0,0,21593,21646.0
Elevator Call,2261.507415,39,0,0,0,0,21660,21709.0
Elevator Call,2261.69257,-2,77,0,1,0,21700,21749.5
Elevator Call,2263.70446,46,41,0,0,0,21766,21781.0
Elevator Call,2273.17678,34,-3,0,1,0,21782,21810.5
Elevator Call,2277.358145,-8,2,0,1,0,21824,21839.0
Elevator Call,2279.962201,64,-4,0,0,0,21815,21893.0
Elevator Call,2283.560211,29,-3,0,1,0,21863,21889.0
Elevator Call,2284.491474,-9,-10,0,1,0,21903,21913.5
Elevator Call,2284.811671,-8,-7,0,0,0,21908,21919.0
Elevator Call,2287.402563,72,-9,0,1,0,21965,22015.5
Elevator Call,2290.734909,-7,0,0,0,0,21930,21947.0
Elevator Call,2294.442472,-8,-4,0,0,0,21966,21980.0
Elevator Call,2299.845011,68,0,0,0,0,22063,22141.0
Elevator Call,2306.534961,-7,-4,0,1,0,22027,22038.5
Elevator Call,2309.188341,33,-3,0,1,0,22068,22096.0
Elevator Call,2310.641166,93,-2,0,1,0,22155,22212.5
Elevator Call,2317.565746,40,23,0,0,0,22192,22219.0
Elevator Call,2317.826937,67,-7,0,1,0,22258,22305.0
Elevator Call,2317.877105,-9,32,0,0,0,22262,22313.0
Elevator Call,2322.899527,-6,43,0,1,0,22316,22350.5
Elevator Call,2322.926529,-5,18,0,0,0,22361,22394.0
Elevator Call,2324.150159,37,-6,0,1,0,22364,22395.5
Elevator Call,2330.605564,76,-8,0,1,0,22447,22499.0
Elevator Call,2330.986325,38,-9,0,0,0,22425,22482.0
Elevator Call,2331.709931,17,46,0,0,0,22519,22558.0
Elevator Call,2333.662972,0,84,0,1,0,22514,22566.0
Elevator Call,2340.16019,74,0,0,1,0,22582,22629.0
Elevator Call,2348.150042,-7,84,0,0,0,22622,22723.0
Elevator Call,2354.298184,25,-3,0,1,0,22652,22676.0
Elevator Call,2359.453611,-9,22,0,1,0,22690,22715.5
Elevator Call,2360.669247,-6,67,0,1,0,22740,22786.5
Elevator Call,2362.265977,83,-2,0,0,0,22735,22830.0
Elevator Call,2370.005792,66,14,0,1,0,22798,22834.0
Elevator Call,2371.287486,0,28,0,0,0,22843,22881.0
Elevator Call,2373.781177,-3,11,0,1,0,22853,22870.0
Elevator Call,2376.263847,2,89,0,1,0,22885,22938.5
Elevator Call,2377.636875,60,-7,0,0,0,22924,23001.0
Elevator Call,2378.139986,70,-1,0,1,0,22959,23004.5
Elevator Call,2379.751495,-6,17,0,0,0,23013,23046.0
Elevator Call,2382.044788,-4,81,0,1,0,23017,23069.5
Elevator Call,2383.82299,-7,17,0,0,0,23081,23115.0
Elevator Call,2385.282833,23,-2,0,1,0,23109,23131.5
Elevator Call,2387.241648,-9,76,0,1,0,23146,23198.5
Elevator Call,2390.14459,-2,87,0,0,0,23145,23244.0
Elevator Call,2391.239615,87,-2,0,1,0,23215,23269.5
Elevator Call,2393.493326,79,-6,0,0,0,23263,23358.0
Elevator Call,2393.880062,-4,28,0,1,0,23281,23307.0
Elevator Call,2394.415997,-9,58,0,1,0,23336,23379.5
Elevator Call,2395.878566,-3,31,0,0,0,23372,23416.0
Elevator Call,2397.722506,99,-3,0,1,0,23411,23472.0
Elevator Call,2398.468171,50,-7,0,0,0,23446,23513.0
Elevator Call,2399.024306,68,27,0,1,0,23518,23548.5
Elevator Call,2405.387992,-3,6,0,0,0,23528,23547.0
Elevator Call,2410.51857,60,35,0,1,0,23576,23598.5
Elevator Call,2410.75187,96,-1,0,1,0,23640,23698.5
Elevator Call,2411.412359,5,-1,0,0,0,23559,23575.0
Elevator Call,2421.370067,-6,68,0,0,0,23591,23675.0
Elevator Call,2421.638331,-3,-9,0,1,0,23710,23723.0
Elevator Call,2422.047762,24,-2,0,0,0,23730,23766.0
Elevator Call,2426.935301,6,-5,0,1,0,23741,23756.5
Elevator Call,2432.179722,-9,-1,0,1,0,23769,23783.0
Elevator Call,2433.051403,74,-8,0,1,0,23831,23882.0
Elevator Call,2438.961752,67,0,0,0,0,23846,23923.0
Elevator Call,2439.843101,-3,-1,0,1,0,23895,23906.0
Elevator Call,2442.622798,-3,-1,0,1,0,23918,23929.0
Elevator Call,2444.383291,-6,-7,0,0,0,23940,23951.0
Elevator Call,2447.435116,99,50,0,1,0,23990,24024.5
Elevator Call,2447.869298,-4,-6,0,0,0,23965,23977.0
Elevator Call,2449.118021,80,71,0,1,0,24050,24064.5
Elevator Call,2463.35452,-6,-7,0,0,0,23988,23999.0
Elevator Call,2467.302332,83,-4,0,1,0,24081,24134.5
Elevator Call,2476.166318,79,-8,0,0,0,24096,24193.0
Elevator Call,2477.584123,-8,-2,0,1,0,24147,24160.0
Elevator Call,2478.032277,-2,-6,0,1,0,24171,24183.0
Elevator Call,2482.677306,-7,79,0,1,0,24194,24247.0
Elevator Call,2486.043724,70,-1,0,1,0,24262,24307.5
Elevator Call,2489.476439,52,-9,0,0,0,24264,24335.0
Elevator Call,2489.540646,-4,-3,0,1,0,24320,24330.5
Elevator Call,2490.199969,96,-5,0,1,0,24391,24451.5
Elevator Call,2490.391353,39,-7,0,0,0,24394,24450.0
Elevator Call,2490.395383,31,-7,0,1,0,24480,24509.0
Elevator Call,2493.201481,81,24,0,0,0,24549,24616.0
Elevator Call,2497.12119,-2,-3,0,1,0,24522,24532.5
Elevator Call,2500.794198,-1,0,0,1,0,24544,24554.5
Elevator Call,2502.806357,-2,20,0,1,0,24566,24587.0
Elevator Call,2508.300299,-8,-1,0,1,0,24612,24625.5
Elevator Call,2510.31143,61,0,0,0,0,24664,24735.0
Elevator Call,2511.76796,41,38,0,1,0,24657,24668.5
Elevator Call,2513.135363,27,-6,0,1,0,24685,24711.5
Elevator Call,2518.672652,82,64,0,1,0,24766,24785.0
Elevator Call,2518.712149,-1,-8,0,0,0,24747,24764.0
Elevator Call,2519.998682,-7,8,0,0,0,24776,24801.0
Elevator Call,2524.597353,-7,47,0,0,0,24827,24891.0
Elevator Call,2526.277384,45,-7,0,1,0,24805,24841.0
Elevator Call,2531.408018,36,-6,0,1,0,24873,24904.0
Elevator Call,2531.581287,48,0,0,0,0,24903,24961.0
Elevator Call,2531.591807,67,-2,0,1,0,24951,24995.5
Elevator Call,2534.955247,69,-3,0,0,0,25041,25123.0
Elevator Call,2538.499262,-2,-5,0,1,0,25006,25017.5
Elevator Call,2542.170051,-5,-7,0,1,0,25028,25039.0
Elevator Call,2543.047825,23,-3,0,1,0,25065,25088.0
Elevator Call,2543.333211,-9,0,0,1,0,25102,25116.5
Elevator Call,2547.157618,88,-5,0,1,0,25171,25227.5
Elevator Call,2549.34928,19,-5,0,0,0,25156,25190.0
Elevator Call,2556.05221,-3,-5,0,0,0,25203,25215.0
Elevator Call,2557.169917,-3,54,0,0,0,25228,25295.0
Elevator Call,2561.685859,63,-5,0,1,0,25272,25316.0
Elevator Call,2564.143316,12,-2,0,1,0,25335,25352.0
Elevator Call,2564.786476,64,1,0,0,0,25316,25389.0
Elevator Call,2566.86911,19,-3,0,1,0,25373,25394.0
Elevator Call,2567.193509,15,-2,0,0,0,25414,25441.0
Elevator Call,2567.699916,94,-8,0,1,0,25453,25514.0
Elevator Call,2569.15744,-7,0,0,0,0,25457,25474.0
Elevator Call,2570.075875,51,-7,0,0,0,25536,25604.0
Elevator Call,2570.829611,-1,38,0,1,0,25528,25557.5
Elevator Call,2573.654577,86,-6,0,1,0,25592,25648.0
Elevator Call,2578.040227,-2,60,0,0,0,25620,25692.0
Elevator Call,2580.766543,23,-7,0,1,0,25673,25698.0
Elevator Call,2598.300125,-6,-7,0,1,0,25709,25719.5
Elevator Call,2598.630298,55,-9,0,0,0,25708,25782.0
Elevator Call,2601.418037,97,0,0,1,0,25782,25840.5
Elevator Call,2602.221317,-3,5,0,0,0,25799,25817.0
Elevator Call,2611.47695,36,-2,0,0,0,25859,25907.0
Elevator Call,2612.207136,69,-7,0,1,0,25886,25934.0
Elevator Call,2618.33237,12,0,0,0,0,25932,25954.0
Elevator Call,2619.05257,-9,-4,0,1,0,25946,25958.5
Elevator Call,2621.200961,-9,-2,0,1,0,25972,25985.5
Elevator Call,2622.053318,79,-9,0,1,0,26037,26091.0
Elevator Call,2623.102151,0,91,0,0,0,25965,26066.0
Elevator Call,2630.2306,100,-5,0,0,0,26086,26201.0
Elevator Call,2630.504351,26,-5,0,1,0,26119,26144.5
Elevator Call,2633.094307,65,-9,0,1,0,26190,26237.0
Elevator Call,2637.429936,68,-4,0,0,0,26285,26367.0
Elevator Call,2638.708683,57,-8,0,1,0,26281,26323.5
Elevator Call,2641.154264,81,-7,0,1,0,26379,26433.0
Elevator Call,2642.340632,74,69,0,0,0,26456,26471.0
Elevator Call,2645.199782,-4,67,0,1,0,26445,26490.5
Elevator Call,2646.255739,26,-1,0,1,0,26522,26545.5
Elevator Call,2654.332993,54,0,0,0,0,26497,26561.0
Elevator Call,2655.489921,-6,31,0,1,0,26559,26587.5
Elevator Call,2657.712373,62,-2,0,1,0,26614,26656.0
Elevator Call,2661.748548,91,80,0,0,0,26663,26684.0
Elevator Call,2662.205384,26,-3,0,1,0,26681,26705.5
Elevator Call,2664.375064,-1,12,0,1,0,26717,26733.5
Elevator Call,2664.710816,-3,96,0,1,0,26752,26811.5
Elevator Call,2669.756047,-9,60,0,0,0,26784,26863.0
Elevator Call,2674.041672,28,0,0,1,0,26856,26880.0
Elevator Call,2681.574869,19,75,0,1,0,26900,26938.0
Elevator Call,2686.251038,1,-7,0,0,0,26933,26951.0
Elevator Call,2697.031381,78,-3,0,1,0,26950,27000.5
Elevator Call,2697.921228,-9,-10,0,0,0,26964,26975.0
Elevator Call,2703.592119,35,-9,0,1,0,27030,27062.0
Elevator Call,2707.236956,-9,-7,0,0,0,26987,26999.0
Elevator Call,2707.533575,47,-7,0,0,0,27064,27128.0
Elevator Call,2719.610485,-6,74,0,1,0,27074,27124.0
Elevator Call,2719.990107,99,-9,0,1,0,27147,27211.0
Elevator Call,2725.412343,-9,49,0,0,0,27141,27209.0
Elevator Call,2730.355307,12,-8,0,1,0,27232,27252.0
Elevator Call,2735.981821,-7,-3,0,1,0,27263,27275.0
Elevator Call,2741.296573,-9,60,0,0,0,27278,27357.0
Elevator Call,2751.534939,30,-3,0,1,0,27302,27328.5
Elevator Call,2754.793686,-7,-5,0,1,0,27341,27352.0
Elevator Call,2761.200255,-2,0,0,1,0,27364,27375.0
Elevator Call,2765.009908,-9,71,0,1,0,27390,27440.0
Elevator Call,2767.641402,23,-2,0,0,0,27405,27440.0
Elevator Call,2767.789098,12,-2,0,0,0,27465,27489.0
Elevator Call,2769.97695,26,0,0,1,0,27473,27496.0
Elevator Call,2773.683168,97,82,0,1,0,27555,27572.5
Elevator Call,2773.822071,12,-6,0,0,0,27514,27542.0
Elevator Call,2782.670285,8,-4,0,0,0,27567,27589.0
Elevator Call,2782.919366,87,-5,0,1,0,27586,27642.0
Elevator Call,2784.617917,6,-9,0,0,0,27610,27635.0
Elevator Call,2787.081034,5,-5,0,1,0,27658,27673.0
Elevator Call,2792.814559,44,-9,0,0,0,27699,27762.0
Elevator Call,2794.283611,87,-4,0,1,0,27730,27785.5
Elevator Call,2805.838889,-7,20,0,0,0,27775,27812.0
Elevator Call,2813.926086,34,-9,0,1,0,27815,27846.5
Elevator Call,2816.453096,71,-5,0,0,0,27874,27960.0
Elevator Call,2818.146433,38,0,0,1,0,27881,27910.0
Elevator Call,2820.109558,5,0,0,1,0,27923,27935.5
Elevator Call,2820.181381,20,-3,0,1,0,27956,27977.5
Elevator Call,2820.396011,90,-9,0,1,0,28035,28094.5
Elevator Call,2824.249862,-8,0,0,0,0,27974,27992.0
Elevator Call,2827.862848,71,2,0,0,0,28074,28153.0
Elevator Call,2829.036343,74,-6,0,1,0,28147,28197.0
Elevator Call,2829.207842,26,-2,0,0,0,28188,28226.0
Elevator Call,2832.891317,0,-1,0,1,0,28211,28221.5
Elevator Call,2834.227619,4,-2,0,1,0,28235,28248.0
Elevator Call,2834.560084,100,0,0,1,0,28310,28370.0
Elevator Call,2838.953853,61,-1,0,0,0,28300,28372.0
Elevator Call,2839.165088,-5,-7,0,1,0,28383,28394.0
Elevator Call,2839.653243,84,-8,0,1,0,28450,28506.0
Elevator Call,2843.660763,76,-9,0,0,0,28460,28555.0
Elevator Call,2844.039026,72,-3,0,1,0,28557,28604.5
Elevator Call,2856.351678,2,0,0,0,0,28577,28589.0
Elevator Call,2862.068794,72,-4,0,1,0,28653,28701.0
Elevator Call,2863.113303,-3,-1,0,0,0,28603,28615.0
Elevator Call,2867.457222,-8,-5,0,0,0,28633,28646.0
Elevator Call,2868.248552,85,-5,0,0,0,28747,28847.0
Elevator Call,2871.377755,94,37,0,1,0,28761,28799.5
Elevator Call,2872.998944,91,-2,0,1,0,28837,28893.5
Elevator Call,2874.768717,37,0,0,0,0,28900,28947.0
Elevator Call,2875.728652,-9,8,0,1,0,28908,28926.5
Elevator Call,2881.082866,11,-1,0,1,0,28939,28955.0
Elevator Call,2886.778074,3,-9,0,0,0,28961,28983.0
Elevator Call,2890.58744,84,-3,0,1,0,29008,29061.5
Elevator Call,2890.81691,87,63,0,0,0,29090,29124.0
Elevator Call,2895.437474,-4,-2,0,1,0,29073,29084.0
Elevator Call,2895.775052,-6,-8,0,1,0,29097,29108.0
Elevator Call,2900.431708,-6,-7,0,1,0,29120,29130.5
Elevator Call,2903.053137,-5,0,0,1,0,29142,29154.5
Elevator Call,2904.069285,-8,-9,0,1,0,29169,29179.5
Elevator Call,2904.829337,89,-5,0,0,0,29161,29265.0
Elevator Call,2915.161037,81,-3,0,1,0,29235,29287.0
Elevator Call,2916.051564,72,-2,0,1,0,29335,29382.0
Elevator Call,2917.608872,55,-3,0,0,0,29336,29404.0
Elevator Call,2920.584401,0,-3,0,1,0,29394,29405.5
Elevator Call,2920.841384,65,44,0,1,0,29450,29470.5
Elevator Call,2926.978531,51,42,0,0,0,29469,29488.0
Elevator Call,2931.476414,4,-7,0,1,0,29501,29516.5
Elevator Call,2933.979242,77,69,0,0,0,29534,29552.0
Elevator Call,2938.146119,16,-5,0,1,0,29539,29559.5
Elevator Call,2943.459058,60,31,0,0,0,29572,29611.0
Elevator Call,2944.207988,66,56,0,1,0,29606,29621.0
Elevator Call,2944.346735,90,-9,0,1,0,29649,29708.5
Elevator Call,2945.604382,-2,89,0,0,0,29655,29756.0
Elevator Call,2946.920515,16,-7,0,1,0,29732,29753.5
Elevator Call,2948.958091,82,-6,0,0,0,29774,29872.0
Elevator Call,2950.192037,2,34,0,1,0,29769,29795.0
Elevator Call,2958.246148,1,-2,0,1,0,29822,29833.5
Elevator Call,2958.964175,59,-1,0,1,0,29875,29915.0
Elevator Call,2971.647066,0,-1,0,0,0,29889,29900.0
Elevator Call,2972.728698,46,-7,0,1,0,29949,29985.5
Elevator Call,2974.926508,25,0,0,0,0,29937,29972.0
Elevator Call,2979.160468,6,0,0,0,0,29989,30005.0
Elevator Call,2980.850798,72,-1,0,1,0,30036,30082.5
Elevator Call,2981.388199,-6,-1,0,0,0,30022,30037.0
Elevator Call,2981.481534,5,-6,0,0,0,30054,30075.0
Elevator Call,2982.403892,-2,-8,0,0,0,30090,30106.0
Elevator Call,2985.787278,18,-6,0,1,0,30103,30125.0
Elevator Call,2988.016107,62,-7,0,1,0,30170,30214.5
Elevator Call,2991.892139,52,-1,0,0,0,30177,30240.0
Elevator Call,2994.059037,47,-7,0,1,0,30252,30289.0
Elevator Call,2996.373731,50,-6,0,0,0,30302,30368.0
Elevator Call,3001.747292,-9,0,0,1,0,30301,30315.5
Elevator Call,3005.917948,20,-6,0,1,0,30336,30359.0
Elevator Call,3007.560523,-1,0,0,1,0,30372,30382.5
Elevator Call,3008.568394,0,44,0,0,0,30385,30439.0
Elevator Call,3008.714083,88,-3,0,1,0,30437,30492.5
Elevator Call,3016.670803,72,-8,0,0,0,30478,30568.0
Elevator Call,3022.697179,-4,70,0,1,0,30504,30551.0
Elevator Call,3023.469235,-4,59,0,0,0,30583,30656.0
Elevator Call,3025.352624,46,-8,0,1,0,30574,30611.0
Elevator Call,3032.875621,89,72,0,1,0,30670,30688.5
Elevator Call,3039.03561,-1,-2,0,0,0,30727,30738.0
Elevator Call,3039.74546,56,-8,0,1,0,30707,30749.0
Elevator Call,3043.381106,-6,-1,0,0,0,30753,30768.0
Elevator Call,3048.564941,-4,43,0,1,0,30762,30795.5
Elevator Call,3049.629128,-6,-5,0,0,0,30784,30795.0
Elevator Call,3050.520662,-3,0,0,0,0,30808,30821.0
Elevator Call,3054.552611,55,-9,0,1,0,30812,30854.0
Elevator Call,3059.428634,-8,4,0,0,0,30840,30862.0
Elevator Call,3069.18878,15,93,0,1,0,30877,30926.0
Elevator Call,3075.12082,97,-8,0,1,0,30939,31001.5
Elevator Call,3080.312031,99,-5,0,0,0,30968,31082.0
Elevator Call,3080.716761,95,-8,0,1,0,31064,31125.5
Elevator Call,3083.166062,87,42,0,1,0,31184,31216.5
Elevator Call,3091.858118,30,-8,0,0,0,31128,31176.0
Elevator Call,3101.38693,-9,95,0,0,0,31188,31302.0
Elevator Call,3104.906929,-9,-10,0,1,0,31253,31263.5
Elevator Call,3108.843809,85,-6,0,1,0,31322,31377.5
Elevator Call,3110.015849,-3,-1,0,1,0,31390,31401.0
Elevator Call,3111.398297,-4,-9,0,0,0,31412,31427.0
Elevator Call,3112.724892,86,-3,0,1,0,31455,31509.5
Elevator Call,3113.03078,-2,-8,0,0,0,31445,31461.0
Elevator Call,3113.910413,100,97,0,1,0,31572,31583.5
Elevator Call,3116.537004,42,-6,0,0,0,31522,31580.0
Elevator Call,3133.766119,71,-4,0,1,0,31607,31654.5
Elevator Call,3133.819089,0,37,0,0,0,31597,31644.0
Elevator Call,3141.849986,19,-9,0,0,0,31673,31711.0
Elevator Call,3149.410217,-8,-7,0,1,0,31667,31677.5
Elevator Call,3151.613776,89,1,0,1,0,31736,31790.0
Elevator Call,3153.222867,-6,23,0,0,0,31725,31764.0
Elevator Call,3159.467866,58,-5,0,0,0,31810,31883.0
Elevator Call,3166.240252,35,-4,0,1,0,31818,31847.5
Elevator Call,3180.082268,96,0,0,1,0,31908,31966.0
Elevator Call,3183.003495,41,-3,0,0,0,31940,31994.0
Elevator Call,3188.065838,-7,36,0,1,0,31980,32011.5
Elevator Call,3188.900711,-4,-5,0,0,0,32006,32017.0
Elevator Call,3191.053452,52,-2,0,1,0,32030,32067.0
Elevator Call,3191.633998,-9,-5,0,0,0,32032,32046.0
Elevator Call,3192.536585,86,-9,0,1,0,32122,32179.5
Elevator Call,3208.479694,36,-9,0,0,0,32098,32153.0
Elevator Call,3210.779334,23,-3,0,0,0,32196,32232.0
Elevator Call,3213.076374,33,-8,0,1,0,32211,32241.5
Elevator Call,3218.237368,-3,77,0,0,0,32243,32333.0
Elevator Call,3233.649608,10,-6,0,1,0,32261,32279.0
Elevator Call,3239.167934,16,0,0,1,0,32301,32319.0
Elevator Call,3241.397983,92,-1,0,0,0,32359,32462.0
Elevator Call,3243.876954,23,-1,0,1,0,32341,32363.0
Elevator Call,3245.606291,12,-6,0,1,0,32380,32399.0
Elevator Call,3247.621405,84,-5,0,1,0,32455,32509.5
Elevator Call,3253.919892,4,-1,0,0,0,32478,32493.0
Elevator Call,3254.763995,3,-2,0,0,0,32508,32523.0
Elevator Call,3256.298644,60,-4,0,1,0,32553,32595.0
Elevator Call,3259.914222,37,-1,0,0,0,32573,32621.0
Elevator Call,3273.391152,82,-2,0,1,0,32649,32701.0
Elevator Call,3277.939881,48,13,0,0,0,32681,32726.0
Elevator Call,3278.726235,30,22,0,1,0,32728,32742.0
Elevator Call,3287.525217,30,-4,0,0,0,32754,32798.0
Elevator Call,3288.104053,95,20,0,1,0,32789,32836.5
Elevator Call,3289.098904,2,67,0,0,0,32815,32890.0
Elevator Call,3297.416607,50,-7,0,1,0,32862,32900.5
Elevator Call,3303.272278,59,1,0,0,0,32909,32977.0
Elevator Call,3315.002333,27,23,0,1,0,32928,32940.0
Elevator Call,3315.235793,-7,10,0,1,0,32966,32984.5
Elevator Call,3316.606207,58,44,0,1,0,33019,33036.0
Elevator Call,3320.406665,-3,-6,0,0,0,32992,33005.0
Elevator Call,3323.353381,-9,62,0,0,0,33019,33100.0
Elevator Call,3328.642807,67,-2,0,1,0,33058,33102.5
Elevator Call,3330.15691,45,0,0,0,0,33128,33183.0
Elevator Call,3333.843283,5,-2,0,1,0,33117,33130.5
Elevator Call,3343.596413,67,-3,0,1,0,33176,33221.0
Elevator Call,3344.45534,16,-2,0,0,0,33210,33238.0
Elevator Call,3358.667831,-6,-7,0,1,0,33233,33243.5
Elevator Call,3359.320805,88,26,0,1,0,33302,33343.0
Elevator Call,3359.64989,33,-2,0,0,0,33284,33329.0
Elevator Call,3361.715438,75,-7,0,1,0,33378,33429.0
Elevator Call,3361.888963,63,0,0,0,0,33405,33478.0
Elevator Call,3366.465698,69,-9,0,1,0,33478,33527.0
Elevator Call,3367.638428,33,-5,0,0,0,33522,33570.0
Elevator Call,3378.531225,65,-3,0,1,0,33575,33619.0
Elevator Call,3383.110175,65,-5,0,0,0,33651,33731.0
Elevator Call,3385.246431,-5,-1,0,1,0,33631,33643.0
Elevator Call,3385.883392,92,-4,0,1,0,33700,33758.0
Elevator Call,3386.450168,-8,-6,0,0,0,33745,33757.0
Elevator Call,3388.413763,92,24,0,1,0,33817,33861.0
Elevator Call,3393.285732,10,-1,0,0,0,33784,33805.0
Elevator Call,3394.321203,-9,12,0,0,0,33824,33855.0
Elevator Call,3394.987033,91,-2,0,1,0,33905,33961.5
Elevator Call,3417.827749,15,-5,0,0,0,33869,33899.0
Elevator Call,3418.850913,46,-1,0,0,0,33961,34018.0
Elevator Call,3423.456534,95,-2,0,1,0,34021,34079.5
Elevator Call,3440.72986,-3,-5,0,0,0,34031,34043.0
Elevator Call,3441.660118,-8,-1,0,0,0,34057,34074.0
Elevator Call,3448.445642,5,-5,0,0,0,34091,34111.0
Elevator Call,3451.420308,90,-3,0,1,0,34136,34192.5
Elevator Call,3451.750826,82,-2,0,0,0,34209,34303.0
Elevator Call,3451.972312,61,-5,0,1,0,34235,34278.0
Elevator Call,3452.670425,64,-5,0,1,0,34323,34367.5
Elevator Call,3457.016355,0,-7,0,0,0,34316,34333.0
Elevator Call,3459.403619,55,52,0,0,0,34406,34419.0
Elevator Call,3462.070628,21,-6,0,1,0,34391,34414.5
Elevator Call,3462.0752,0,-4,0,1,0,34428,34440.0
Elevator Call,3464.585151,52,-8,0,0,0,34430,34500.0
Elevator Call,3466.276795,77,13,0,1,0,34491,34533.0
Elevator Call,3471.502523,88,-1,0,1,0,34581,34635.5
Elevator Call,3473.310881,36,0,0,0,0,34555,34601.0
Elevator Call,3475.649076,75,-7,0,1,0,34684,34735.0
Elevator Call,3477.685317,-9,-6,0,0,0,34621,34634.0
Elevator Call,3483.754837,73,0,0,0,0,34724,34807.0
Elevator Call,3491.642056,85,0,0,1,0,34792,34844.5
Elevator Call,3498.216182,-4,-7,0,0,0,34822,34835.0
Elevator Call,3502.091565,84,-4,0,1,0,34897,34951.0
Elevator Call,3513.010033,22,-8,0,0,0,34875,34915.0
Elevator Call,3513.677771,7,-4,0,0,0,34941,34962.0
Elevator Call,3516.026453,13,0,0,1,0,34970,34986.5
Elevator Call,3522.933053,94,-4,0,1,0,35044,35103.0
Elevator Call,3523.03578,0,-6,0,0,0,34977,34993.0
Elevator Call,3532.34351,-8,-2,0,0,0,35006,35022.0
Elevator Call,3533.239865,1,-6,0,0,0,35036,35053.0
Elevator Call,3536.046287,-3,0,0,0,0,35067,35080.0
Elevator Call,3543.062467,91,-2,0,1,0,35161,35217.5
Elevator Call,3543.891538,22,-3,0,0,0,35113,35148.0
Elevator Call,3545.848181,72,-3,0,0,0,35234,35319.0
Elevator Call,3554.541674,82,-4,0,1,0,35270,35323.0
Elevator Call,3557.15601,77,47,0,1,0,35374,35399.0
Elevator Call,3564.738521,8,-9,0,0,0,35341,35368.0
Elevator Call,3564.796738,12,-8,0,0,0,35400,35430.0
Elevator Call,3569.139169,82,-4,0,1,0,35427,35480.0
Elevator Call,3570.303695,-9,-2,0,0,0,35442,35459.0
Elevator Call,3571.047789,34,-8,0,0,0,35506,35558.0
Elevator Call,3572.911609,6,-6,0,1,0,35496,35512.0
Elevator Call,3583.794949,56,-1,0,1,0,35554,35592.5
Elevator Call,3587.195387,89,-5,0,1,0,35648,35705.0
Elevator Call,3587.217656,28,-6,0,0,0,35605,35649.0
Elevator Call,3589.038048,63,-2,0,0,0,35729,35804.0
